{
  "gen": 200,
  "win_rate": 0.0,
  "avg_hp": 0.0,
  "steps": 0,
  "buffer_size": 0,
  "episodes": 0,
  "policy_loss": 1.2708041312718632,
  "value_loss": 1.0412746463159117,
  "num_sims": 0,
  "gen_time": 10.337185859680176,
  "timestamp": 1776884770.42168,
  "num_generations": 200,
  "best_win_rate": 0.5100086873227899,
  "phase": "DONE"
}