{
  "gen": 100,
  "runs": 200,
  "wins": 21,
  "win_rate": 0.105,
  "avg_floor": 10.49,
  "samples_added": 924,
  "buffer_size": 91456,
  "loss": 0.33423,
  "trained": true,
  "gen_time": 46.7,
  "timestamp": 1776447672.4212008,
  "num_generations": 100
}