{
  "gen": 25,
  "win_rate": 0.7227,
  "avg_hp": 11.7,
  "steps": 6549,
  "buffer_size": 45847,
  "episodes": 256,
  "encounter_set": "lean-decks-v1",
  "policy_loss": 1.23785,
  "value_loss": 0.05054,
  "num_sims": 1000,
  "gen_time": 426.61,
  "timestamp": 1776458749.4085066,
  "num_generations": 100,
  "best_win_rate": 0.7539
}